0,,PRO,N,CONJ,V
1,START,0.029411764705882356,0.6176470588235294,0.029411764705882356,0.3235294117647059
2,PRO,0.04166666666666667,0.04166666666666667,0.04166666666666667,0.45833333333333337
3,N,0.25,0.011904761904761904,0.13095238095238096,0.36904761904761907
4,CONJ,0.07142857142857144,0.7857142857142858,0.07142857142857144,0.07142857142857144
5,V,0.018518518518518517,0.9444444444444443,0.018518518518518517,0.018518518518518517
